date,actual,finetuned_forecast
2025-01-08 22:00:00,19.84,19.849861
2025-01-08 23:00:00,19.8302,19.886728
2025-01-10 09:00:00,19.81,20.01747
2025-01-10 10:00:00,19.82,20.086838
2025-01-10 11:00:00,19.88,20.09319
2025-01-10 12:00:00,19.78,20.059225
2025-01-10 13:00:00,19.79,20.030952
2025-01-10 14:00:00,19.346699867248535,20.044851
2025-01-10 15:00:00,18.97410011291504,20.031355
2025-01-10 16:00:00,19.05719947814941,20.050854
2025-01-10 17:00:00,19.184999465942383,20.038134
2025-01-10 18:00:00,19.28009986877441,19.982267
2025-01-10 19:00:00,19.174999237060547,20.009552
2025-01-10 20:00:00,19.1299991607666,20.022894
2025-01-10 21:00:00,19.1697,20.0232
2025-01-10 22:00:00,19.1301,20.028625
2025-01-10 23:00:00,19.15,20.016743
2025-01-13 09:00:00,18.89,20.013096
2025-01-13 10:00:00,18.91,19.996042
2025-01-13 11:00:00,18.92,19.9858
2025-01-13 12:00:00,18.88,19.985262
2025-01-13 13:00:00,18.91,19.99181
2025-01-13 14:00:00,18.847499694824222,19.992424
2025-01-13 15:00:00,18.80500030517578,19.985228
2025-01-13 16:00:00,18.940000534057617,19.974394
2025-01-13 17:00:00,19.07999992370605,20.035769
2025-01-13 18:00:00,19.05500030517578,20.205181
2025-01-13 19:00:00,19.063800811767575,20.26882
2025-01-13 20:00:00,19.200000762939453,20.269127
2025-01-13 21:00:00,19.23,20.247532
2025-01-13 22:00:00,19.25,20.235115
2025-01-13 23:00:00,19.26,20.227987
2025-01-14 09:00:00,19.34,20.167377
2025-01-14 10:00:00,19.32,20.164492
2025-01-14 11:00:00,19.29,20.14064
2025-01-14 12:00:00,19.24,20.082785
2025-01-14 13:00:00,19.24,20.106546
2025-01-14 14:00:00,19.269999923706052,20.1225
2025-01-14 15:00:00,18.979999542236328,20.117867
2025-01-14 16:00:00,18.884300231933597,20.113258
2025-01-14 17:00:00,19.022899627685547,20.111097
2025-01-14 18:00:00,19.12809944152832,20.092674
2025-01-14 19:00:00,19.040000915527344,20.065369
2025-01-14 20:00:00,19.21999931335449,20.052242
2025-01-14 21:00:00,19.23,20.058155
2025-01-14 22:00:00,19.22,20.049139
2025-01-14 23:00:00,19.21,20.051016
2025-01-15 09:00:00,19.22,20.063814
2025-01-15 10:00:00,19.23,20.056204
2025-01-15 11:00:00,19.21,20.136856
2025-01-15 12:00:00,19.2,20.326084
2025-01-15 13:00:00,19.16,20.407602
2025-01-15 14:00:00,19.427549961853025,20.412037
2025-01-15 15:00:00,19.434999465942383,20.351479
2025-01-15 16:00:00,19.20009994506836,20.322048
2025-01-15 17:00:00,19.424999237060547,20.335203
2025-01-15 18:00:00,19.584999084472656,20.29046
2025-01-15 19:00:00,19.690099716186523,20.276754
2025-01-15 20:00:00,19.729999542236328,20.23621
2025-01-15 21:00:00,19.73,20.163193
2025-01-15 22:00:00,19.7299,20.162907
2025-01-15 23:00:00,19.74,20.169014
2025-01-16 09:00:00,19.78,20.162233
2025-01-16 10:00:00,19.78,20.140455
2025-01-16 11:00:00,19.7,20.089066
2025-01-16 12:00:00,19.74,20.070885
2025-01-16 13:00:00,19.7601,20.037453
2025-01-16 14:00:00,19.637499809265137,20.023493
2025-01-16 15:00:00,19.674999237060547,20.037691
2025-01-16 16:00:00,19.905000686645508,20.034319
2025-01-16 17:00:00,19.795000076293945,20.034212
2025-01-16 18:00:00,19.82999992370605,20.030397
2025-01-16 19:00:00,19.700000762939453,20.030102
2025-01-16 20:00:00,19.655000686645508,20.084188
2025-01-16 21:00:00,19.62,20.177786
2025-01-16 22:00:00,19.65,20.210884
2025-01-16 23:00:00,19.65,20.219217
2025-01-17 09:00:00,19.77,20.187613
2025-01-17 10:00:00,19.78,20.16384
2025-01-17 11:00:00,19.72,20.163673
2025-01-17 12:00:00,19.69,20.128977
2025-01-17 13:00:00,20.64,20.146646
2025-01-17 14:00:00,21.197499656677245,20.13316
2025-01-17 15:00:00,21.165000915527344,20.09767
2025-01-17 16:00:00,21.489999771118164,20.099579
2025-01-17 17:00:00,21.274999618530277,20.117348
2025-01-17 18:00:00,21.40999984741211,20.114357
2025-01-17 19:00:00,21.38500022888184,20.104343
2025-01-17 20:00:00,21.46999931335449,20.08383
2025-01-17 21:00:00,21.4102,20.080564
2025-01-17 22:00:00,21.87,20.060165
2025-01-17 23:00:00,22.01,20.036028
2025-01-21 09:00:00,22.53,20.045734
2025-01-21 10:00:00,22.34,20.04078
2025-01-21 11:00:00,22.27,20.054052
2025-01-21 12:00:00,21.81,20.065615
2025-01-21 13:00:00,22.08,20.061815
2025-01-21 14:00:00,21.979949951171875,20.118988
2025-01-21 15:00:00,21.88500022888184,20.224463
2025-01-21 16:00:00,22.059999465942383,20.27294
2025-01-21 17:00:00,22.14259910583496,20.282896
2025-01-21 18:00:00,22.05500030517578,20.2637
2025-01-21 19:00:00,21.975000381469727,20.240025
2025-01-21 20:00:00,21.770000457763672,20.230928
2025-01-21 21:00:00,21.94,20.183949
2025-01-21 22:00:00,21.98,20.18852
2025-01-21 23:00:00,21.9699,20.170795
2025-01-22 09:00:00,21.98,20.12813
2025-01-22 10:00:00,21.96,20.128796
2025-01-22 11:00:00,21.96,20.135006
2025-01-22 12:00:00,21.91,20.137152
2025-01-22 13:00:00,21.94,20.131786
2025-01-22 14:00:00,21.79249988555908,20.098814
2025-01-22 15:00:00,22.100000381469727,20.08933
2025-01-22 16:00:00,22.03849983215332,20.053677
2025-01-22 17:00:00,21.87800025939941,20.026932
2025-01-22 18:00:00,21.887300491333008,20.042707
2025-01-22 19:00:00,21.895000457763672,20.040052
2025-01-22 20:00:00,21.84000015258789,20.027597
2025-01-22 21:00:00,21.82,20.012596
2025-01-22 22:00:00,21.795,20.03068
2025-01-22 23:00:00,21.83,20.0937
2025-01-23 09:00:00,21.65,20.189693
2025-01-23 10:00:00,21.73,20.214308
2025-01-23 11:00:00,21.69,20.21566
2025-01-23 12:00:00,21.71,20.197762
2025-01-23 13:00:00,21.695,20.171095
2025-01-23 14:00:00,21.554649925231935,20.165096
2025-01-23 15:00:00,21.429500579833984,21.506058
2025-01-23 16:00:00,21.475000381469727,21.46613
2025-01-23 17:00:00,21.424999237060547,21.444546
2025-01-23 18:00:00,21.46500015258789,21.447117
2025-01-23 19:00:00,21.405000686645508,21.454378
2025-01-23 20:00:00,21.56999969482422,21.443575
2025-01-23 21:00:00,21.53,21.461037
2025-01-23 22:00:00,21.52,21.459475
2025-01-23 23:00:00,21.53,21.450846
2025-01-24 09:00:00,21.55,21.453072
2025-01-24 10:00:00,21.52,21.43046
2025-01-24 11:00:00,21.49,21.405008
2025-01-24 12:00:00,21.529,21.379925
2025-01-24 13:00:00,21.45,21.362667
2025-01-24 14:00:00,21.19720030517578,21.361893
2025-01-24 15:00:00,21.114999771118164,21.380507
2025-01-24 16:00:00,21.024999618530277,21.369312
2025-01-24 17:00:00,20.93000030517578,21.380661
2025-01-24 18:00:00,20.915000915527344,21.397833
2025-01-24 19:00:00,20.81999969482422,21.41472
2025-01-24 20:00:00,20.81999969482422,21.390938
2025-01-24 21:00:00,20.82,21.371086
2025-01-24 22:00:00,20.82,21.35838
2025-01-24 23:00:00,20.8,21.34169
2025-01-27 09:00:00,20.47,21.310905
2025-01-27 10:00:00,20.19,21.285362
2025-01-27 11:00:00,20.39,21.274584
2025-01-27 12:00:00,20.98,21.279139
2025-01-27 13:00:00,20.9705,21.29072
2025-01-27 14:00:00,20.917999580383302,21.281534
2025-01-27 15:00:00,20.63999938964844,21.298738
2025-01-27 16:00:00,20.201099395751957,21.290344
2025-01-27 17:00:00,20.295000076293945,21.28821
2025-01-27 18:00:00,20.280000686645508,21.291979
2025-01-27 19:00:00,20.34499931335449,21.271769
2025-01-27 20:00:00,20.309999465942383,21.2394
2025-01-27 21:00:00,20.38,21.208748
2025-01-27 22:00:00,20.39,21.18379
2025-01-27 23:00:00,20.49,21.1709
2025-01-28 09:00:00,20.55,21.178802
2025-01-28 10:00:00,20.63,21.17128
2025-01-28 11:00:00,20.54,21.198446
2025-01-28 12:00:00,20.45,21.21867
2025-01-28 13:00:00,20.47,21.226713
2025-01-28 14:00:00,20.15550033569336,21.213467
2025-01-28 15:00:00,19.88500022888184,21.205523
2025-01-28 16:00:00,19.915000915527344,21.198416
2025-01-28 17:00:00,19.915000915527344,21.186226
2025-01-28 18:00:00,19.88999938964844,21.155304
2025-01-28 19:00:00,19.832500457763672,21.132765
2025-01-28 20:00:00,19.780000686645508,21.12045
2025-01-28 21:00:00,19.87,21.124174
2025-01-28 22:00:00,19.87,21.13789
2025-01-28 23:00:00,19.87,21.121597
2025-01-29 09:00:00,19.96,21.136303
2025-01-29 10:00:00,19.99,21.14494
2025-01-29 11:00:00,19.99,21.132767
2025-01-29 12:00:00,19.92,21.126038
2025-01-29 13:00:00,19.87,21.110012
2025-01-29 14:00:00,19.882500457763673,21.077179
2025-01-29 15:00:00,19.8882999420166,21.052563
2025-01-29 16:00:00,19.93000030517578,21.047213
2025-01-29 17:00:00,19.86000061035156,21.054695
2025-01-29 18:00:00,19.71500015258789,21.07494
2025-01-29 19:00:00,19.76499938964844,21.089714
2025-01-29 20:00:00,19.76000022888184,21.085865
2025-01-29 21:00:00,19.74,21.081644
2025-01-29 22:00:00,19.7899,21.08806
2025-01-29 23:00:00,19.77,21.082932
2025-01-30 09:00:00,19.88,21.06796
2025-01-30 10:00:00,19.85,21.06081
2025-01-30 11:00:00,19.91,21.054941
2025-01-30 12:00:00,19.73,21.040956
2025-01-30 13:00:00,19.79,21.031673
2025-01-30 14:00:00,19.61749980926514,21.026367
2025-01-30 15:00:00,19.5049991607666,21.033554
2025-01-30 16:00:00,19.70499992370605,21.041874
2025-01-30 17:00:00,19.8799991607666,21.039536
2025-01-30 18:00:00,20.07990074157715,21.045446
2025-01-30 19:00:00,20.045000076293945,21.054213
2025-01-30 20:00:00,20.07999992370605,21.047813
2025-01-30 21:00:00,20.295,21.054861
2025-01-30 22:00:00,20.58,21.039772
2025-01-30 23:00:00,20.69,21.022482
2025-01-31 09:00:00,20.43,21.003044
2025-01-31 10:00:00,20.25,20.991571
2025-01-31 11:00:00,20.38,20.987648
2025-01-31 12:00:00,20.27,20.996283
2025-01-31 13:00:00,20.3002,20.993942
2025-01-31 14:00:00,19.962500381469727,21.001156
2025-01-31 15:00:00,20.02519989013672,21.00823
2025-01-31 16:00:00,19.994800567626957,21.013103
2025-01-31 17:00:00,19.65999984741211,21.008617
2025-01-31 18:00:00,19.684999465942383,20.998186
2025-01-31 19:00:00,19.42009925842285,20.996355
2025-01-31 20:00:00,19.43000030517578,20.98858
2025-01-31 21:00:00,19.47,20.977852
2025-01-31 22:00:00,19.44,20.972984
2025-01-31 23:00:00,19.44,20.96603
2025-02-03 09:00:00,19.06,20.971413
2025-02-03 10:00:00,19.11,20.980146
2025-02-03 11:00:00,19.13,20.980202
2025-02-03 12:00:00,18.95,20.980656
2025-02-03 13:00:00,18.99,20.98206
2025-02-03 14:00:00,19.289999885559084,20.96733
2025-02-03 15:00:00,19.57110023498535,20.969578
2025-02-03 16:00:00,19.53499984741211,20.95819
2025-02-03 17:00:00,19.424999237060547,20.947704
2025-02-03 18:00:00,19.500099182128903,20.937656
2025-02-03 19:00:00,19.559999465942383,20.932137
2025-02-03 20:00:00,19.3799991607666,20.93327
2025-02-03 21:00:00,19.45,20.944075
2025-02-03 22:00:00,19.4898,20.941025
2025-02-03 23:00:00,19.49,20.952446
2025-02-04 09:00:00,19.38,20.959692
2025-02-04 10:00:00,19.4,20.962091
2025-02-04 11:00:00,19.39,20.95803
2025-02-04 12:00:00,19.39,20.947227
2025-02-04 13:00:00,19.19,20.944523
2025-02-04 14:00:00,19.25500015258789,20.939217
2025-02-04 15:00:00,19.37360000610352,20.928062
2025-02-04 16:00:00,19.259899139404297,20.918144
2025-02-04 17:00:00,19.371999740600582,20.908459
2025-02-04 18:00:00,19.31559944152832,20.91229
2025-02-04 19:00:00,19.31999969482422,20.92672
2025-02-04 20:00:00,19.299999237060547,20.9339
2025-02-04 21:00:00,19.27,20.943068
2025-02-04 22:00:00,19.24,20.948912
2025-02-04 23:00:00,19.26,19.219263
2025-02-05 09:00:00,19.21,19.202543
2025-02-05 10:00:00,19.24,19.184248
2025-02-05 11:00:00,19.23,19.164667
2025-02-05 12:00:00,19.23,19.147081
2025-02-05 13:00:00,19.29,19.142244
2025-02-05 14:00:00,19.362499923706054,19.14807
2025-02-05 15:00:00,19.56879997253418,19.149298
2025-02-05 16:00:00,19.63999938964844,19.14119
2025-02-05 17:00:00,19.645000457763672,19.162565
2025-02-05 18:00:00,19.582599639892575,19.163946
2025-02-05 19:00:00,19.6299991607666,19.170004
2025-02-05 20:00:00,19.63999938964844,19.172764
2025-02-05 21:00:00,19.55,19.172468
2025-02-05 22:00:00,19.52,19.164677
2025-02-05 23:00:00,19.5298,19.167374
2025-02-06 09:00:00,19.65,19.164955
2025-02-06 10:00:00,19.7,19.16683
2025-02-06 11:00:00,19.6,19.169073
2025-02-06 12:00:00,19.55,19.180002
2025-02-06 13:00:00,19.5897,19.181475
2025-02-06 14:00:00,19.489999542236326,19.196392
2025-02-06 15:00:00,19.36639976501465,19.198921
2025-02-06 16:00:00,19.280000686645508,19.219877
2025-02-06 17:00:00,19.3700008392334,19.21172
2025-02-06 18:00:00,19.2549991607666,19.22744
2025-02-06 19:00:00,19.28499984741211,19.230104
2025-02-06 20:00:00,19.3799991607666,19.226086
2025-02-06 21:00:00,19.31,19.218222
2025-02-06 22:00:00,19.2998,19.210392
2025-02-06 23:00:00,19.3297,19.228529
2025-02-07 09:00:00,19.36,19.243
2025-02-07 10:00:00,19.37,19.249512
2025-02-07 11:00:00,19.36,19.268131
2025-02-07 12:00:00,19.37,19.274822
2025-02-07 13:00:00,19.31,19.291552
2025-02-07 14:00:00,19.23285022735596,19.301888
2025-02-07 15:00:00,19.07270050048828,19.31001
2025-02-07 16:00:00,19.1299991607666,19.293922
2025-02-07 17:00:00,19.125,19.290516
2025-02-07 18:00:00,19.075000762939453,19.280867
2025-02-07 19:00:00,19.075000762939453,19.289646
2025-02-07 20:00:00,19.104999542236328,19.289742
2025-02-07 21:00:00,19.105,19.285294
2025-02-07 22:00:00,19.11,19.293467
2025-02-07 23:00:00,19.105,19.305937
2025-02-10 09:00:00,19.23,19.308933
2025-02-10 10:00:00,19.24,19.317738
2025-02-10 11:00:00,19.26,19.310461
2025-02-10 12:00:00,19.23,19.328058
2025-02-10 13:00:00,19.21,19.310692
2025-02-10 14:00:00,19.575050354003906,19.301167
2025-02-10 15:00:00,19.719900131225582,19.293756
2025-02-10 16:00:00,19.86840057373047,19.288721
2025-02-10 17:00:00,19.890300750732425,19.300745
2025-02-10 18:00:00,19.795000076293945,19.320644
2025-02-10 19:00:00,19.76499938964844,19.33241
2025-02-10 20:00:00,19.76000022888184,19.350737
2025-02-10 21:00:00,19.7205,19.357216
2025-02-10 22:00:00,19.73,19.361364
2025-02-10 23:00:00,19.71,19.359911
2025-02-11 09:00:00,19.75,19.356245
2025-02-11 10:00:00,19.66,19.34797
2025-02-11 11:00:00,19.69,19.330069
2025-02-11 12:00:00,19.68,19.313274
2025-02-11 13:00:00,19.6702,19.31703
2025-02-11 14:00:00,20.454950408935545,19.307917
2025-02-11 15:00:00,21.57869911193848,19.307934
2025-02-11 16:00:00,21.270099639892575,19.315075
2025-02-11 17:00:00,21.184999465942383,19.3223
2025-02-11 18:00:00,21.03499984741211,19.322115
2025-02-11 19:00:00,21.0049991607666,19.326216
2025-02-11 20:00:00,20.989999771118164,19.32379
2025-02-11 21:00:00,21.1195,19.332006
2025-02-11 22:00:00,21.1209,19.31942
2025-02-11 23:00:00,21.1499,19.311474
2025-02-12 09:00:00,21.31,19.309877
2025-02-12 10:00:00,21.33,19.309752
2025-02-12 11:00:00,21.33,19.310856
2025-02-12 12:00:00,21.77,19.318247
2025-02-12 13:00:00,22.14,19.314018
2025-02-12 14:00:00,21.805000419616697,19.324806
2025-02-12 15:00:00,21.78720092773437,19.320362
2025-02-12 16:00:00,21.8346004486084,19.321852
2025-02-12 17:00:00,22.11000061035156,19.320223
2025-02-12 18:00:00,22.25659942626953,19.3269
2025-02-12 19:00:00,22.159900665283203,19.322601
2025-02-12 20:00:00,22.489999771118164,19.320812
2025-02-12 21:00:00,22.53,19.315199
2025-02-12 22:00:00,22.4101,19.321743
2025-02-12 23:00:00,22.5,19.3209
2025-02-13 09:00:00,22.61,19.322044
2025-02-13 10:00:00,22.61,19.326649
2025-02-13 11:00:00,22.62,19.326698
2025-02-13 12:00:00,22.52,19.32995
2025-02-13 13:00:00,22.55,19.336636
2025-02-13 14:00:00,23.59264954223633,19.332933
2025-02-13 15:00:00,24.315000534057617,19.338535
2025-02-13 16:00:00,24.31010055541992,19.325832
2025-02-13 17:00:00,24.59499931335449,19.322102
2025-02-13 18:00:00,24.674400329589844,19.319399
2025-02-13 19:00:00,24.354999542236328,19.321842
2025-02-13 20:00:00,24.11000061035156,19.323427
2025-02-13 21:00:00,24.15,19.330944
2025-02-13 22:00:00,24.2293,19.333782
2025-02-13 23:00:00,24.26,19.348007
2025-02-14 09:00:00,25.23,19.345848
2025-02-14 10:00:00,25.07,19.34633
2025-02-14 11:00:00,24.56,19.346478
2025-02-14 12:00:00,24.55,19.343561
2025-02-14 13:00:00,24.7,19.335434
2025-02-14 14:00:00,23.747499618530274,19.329947
2025-02-14 15:00:00,23.313800811767575,19.320236
2025-02-14 16:00:00,23.280000686645508,19.324837
2025-02-14 17:00:00,23.383899688720703,19.31194
2025-02-14 18:00:00,23.209999084472656,19.308664
2025-02-14 19:00:00,23.680099487304688,19.319574
2025-02-14 20:00:00,23.61000061035156,19.323307
2025-02-14 21:00:00,23.63,19.322956
2025-02-14 22:00:00,23.7,19.324556
2025-02-14 23:00:00,23.6598,19.321552
2025-02-18 09:00:00,24.67,19.329868
2025-02-18 10:00:00,24.88,19.327948
2025-02-18 11:00:00,25.04,19.326061
2025-02-18 12:00:00,24.97,19.320583
2025-02-18 13:00:00,24.805,19.321865
2025-02-18 14:00:00,25.354949531555178,19.325731
2025-02-18 15:00:00,25.915000915527344,19.33246
2025-02-18 16:00:00,25.71489906311035,26.066422
2025-02-18 17:00:00,26.149999618530277,26.095762
2025-02-18 18:00:00,26.55500030517578,26.062057
2025-02-18 19:00:00,27.44499969482422,26.054928
2025-02-18 20:00:00,27.43000030517578,26.046795
2025-02-18 21:00:00,27.5,26.023495
2025-02-18 22:00:00,27.51,26.020782
2025-02-18 23:00:00,27.53,25.999098
2025-02-19 09:00:00,26.93,25.733543
2025-02-19 10:00:00,26.81,25.833534
2025-02-19 11:00:00,26.86,25.81623
2025-02-19 12:00:00,26.51,25.786564
2025-02-19 13:00:00,26.36,25.824577
2025-02-19 14:00:00,25.93749973297119,25.912594
2025-02-19 15:00:00,25.895000457763672,26.024273
2025-02-19 16:00:00,25.854999542236328,26.104088
2025-02-19 17:00:00,25.738800048828125,26.064548
2025-02-19 18:00:00,26.03499984741211,26.336891
2025-02-19 19:00:00,25.684999465942383,26.373686
2025-02-19 20:00:00,25.71500015258789,26.31051
2025-02-19 21:00:00,25.34,26.256908
2025-02-19 22:00:00,25.35,26.25856
2025-02-19 23:00:00,25.37,26.246979
2025-02-20 09:00:00,25.46,26.216259
2025-02-20 10:00:00,25.32,26.154995
2025-02-20 11:00:00,25.34,26.233837
2025-02-20 12:00:00,25.36,26.20691
2025-02-20 13:00:00,25.35,26.184668
2025-02-20 14:00:00,25.345149809265138,26.229828
2025-02-20 15:00:00,24.89069938659668,26.257956
2025-02-20 16:00:00,24.790000915527344,26.29172
2025-02-20 17:00:00,24.8346004486084,26.285759
2025-02-20 18:00:00,25.489999771118164,25.967445
2025-02-20 19:00:00,25.645000457763672,26.041426
2025-02-20 20:00:00,26.100000381469727,26.015549
2025-02-20 21:00:00,26.06,25.97352
2025-02-20 22:00:00,25.9702,25.937784
2025-02-20 23:00:00,26.0097,25.956745
2025-02-21 09:00:00,26.4,26.034155
2025-02-21 10:00:00,26.41,26.0833
2025-02-21 11:00:00,26.4,25.9963
2025-02-21 12:00:00,26.449,26.262127
2025-02-21 13:00:00,26.02,26.30001
2025-02-21 14:00:00,25.799750241088866,26.202961
2025-02-21 15:00:00,25.34499931335449,26.144527
2025-02-21 16:00:00,25.47010040283203,26.170643
2025-02-21 17:00:00,25.045000076293945,26.207962
2025-02-21 18:00:00,24.864999771118164,26.21286
2025-02-21 19:00:00,25.024999618530277,26.087303
2025-02-21 20:00:00,24.850000381469727,26.111755
2025-02-21 21:00:00,24.88,26.047684
2025-02-21 22:00:00,24.98,26.024267
2025-02-21 23:00:00,24.92,26.046234
2025-02-24 09:00:00,25.07,26.05076
2025-02-24 10:00:00,25.06,26.072025
2025-02-24 11:00:00,25.08,26.084549
2025-02-24 12:00:00,24.91,25.855547
2025-02-24 13:00:00,24.7497,25.922861
2025-02-24 14:00:00,24.274999771118164,25.86153
2025-02-24 15:00:00,24.540000915527344,25.806015
2025-02-24 16:00:00,24.53499984741211,25.778057
2025-02-24 17:00:00,24.69499969482422,25.801163
2025-02-24 18:00:00,24.584999084472656,25.85534
2025-02-24 19:00:00,24.3484001159668,25.875883
2025-02-24 20:00:00,24.26000022888184,26.096771
2025-02-24 21:00:00,24.3601,26.107153
2025-02-24 22:00:00,24.38,26.09473
2025-02-24 23:00:00,24.1599,26.104504
2025-02-25 09:00:00,23.97,26.070164
2025-02-25 10:00:00,23.86,26.062582
2025-02-25 11:00:00,23.9,26.092964
2025-02-25 12:00:00,24.18,26.102299
2025-02-25 13:00:00,24.235,26.09821
2025-02-25 14:00:00,23.552499618530273,26.086
2025-02-25 15:00:00,23.165000915527344,26.066486
2025-02-25 16:00:00,23.415000915527344,26.065987
2025-02-25 17:00:00,23.295000076293945,26.103249
2025-02-25 18:00:00,23.024999618530277,26.13568
2025-02-25 19:00:00,23.190099716186523,26.136446
2025-02-25 20:00:00,23.0,26.146416
2025-02-25 21:00:00,23.06,26.114693
2025-02-25 22:00:00,23.11,26.13818
2025-02-25 23:00:00,23.12,26.105894
2025-02-26 09:00:00,23.33,26.07106
2025-02-26 10:00:00,23.24,26.053648
2025-02-26 11:00:00,23.28,26.048697
2025-02-26 12:00:00,23.23,26.060753
2025-02-26 13:00:00,23.3197,26.074898
2025-02-26 14:00:00,23.34000038146973,26.084896
2025-02-26 15:00:00,23.700000762939453,26.109306
2025-02-26 16:00:00,23.71500015258789,26.098602
2025-02-26 17:00:00,23.415000915527344,26.106897
2025-02-26 18:00:00,23.53499984741211,26.069893
2025-02-26 19:00:00,23.424999237060547,26.05867
2025-02-26 20:00:00,23.520000457763672,26.099514
2025-02-26 21:00:00,23.68,26.107851
2025-02-26 22:00:00,23.59,26.077877
2025-02-26 23:00:00,23.57,26.071804
2025-02-27 09:00:00,23.79,26.062586
2025-02-27 10:00:00,23.75,26.062206
2025-02-27 11:00:00,23.86,26.065784
2025-02-27 12:00:00,23.82,26.095345
2025-02-27 13:00:00,23.7999,26.122635
2025-02-27 14:00:00,23.817650413513185,26.152016
2025-02-27 15:00:00,23.835399627685547,26.134928
2025-02-27 16:00:00,24.1609001159668,26.163517
2025-02-27 17:00:00,24.326400756835938,26.136602
2025-02-27 18:00:00,23.950899124145508,26.094728
2025-02-27 19:00:00,23.32999992370605,26.062445
2025-02-27 20:00:00,23.07999992370605,26.051304
2025-02-27 21:00:00,23.26,26.056198
2025-02-27 22:00:00,23.18,26.063047
2025-02-27 23:00:00,23.26,26.059986
2025-02-28 09:00:00,23.24,26.055477
2025-02-28 10:00:00,23.18,26.027
2025-02-28 11:00:00,23.24,26.01205
2025-02-28 12:00:00,23.2,25.97966
2025-02-28 13:00:00,23.0301,25.977304
2025-02-28 14:00:00,23.6765998840332,26.025469
2025-02-28 15:00:00,23.690000534057617,26.054306
2025-02-28 16:00:00,23.809999465942383,26.054169
2025-02-28 17:00:00,23.47559928894043,26.046057
2025-02-28 18:00:00,23.45499992370605,26.01894
2025-02-28 19:00:00,23.788799285888672,26.023415
2025-02-28 20:00:00,23.790000915527344,26.039032
2025-02-28 21:00:00,23.79,26.08746
2025-02-28 22:00:00,23.8099,26.102688
2025-02-28 23:00:00,23.7803,26.078611
2025-03-03 09:00:00,23.73,23.596495
2025-03-03 10:00:00,23.87,23.403437
2025-03-03 11:00:00,25.23,23.243584
2025-03-03 12:00:00,24.92,23.136217
2025-03-03 13:00:00,25.1299,23.085201
2025-03-03 14:00:00,24.82750022888184,23.079409
2025-03-03 15:00:00,24.527000427246094,23.132833
2025-03-03 16:00:00,24.405000686645508,23.286982
2025-03-03 17:00:00,23.70499992370605,23.510674
2025-03-03 18:00:00,23.87989997863769,24.103323
2025-03-03 19:00:00,22.75659942626953,24.167255
2025-03-03 20:00:00,22.76000022888184,24.036303
2025-03-03 21:00:00,22.96,24.007156
2025-03-03 22:00:00,22.8401,24.03173
2025-03-03 23:00:00,22.8,23.991297
2025-03-04 09:00:00,23.12,24.011215
2025-03-04 10:00:00,22.82,23.99528
2025-03-04 11:00:00,22.79,23.938633
2025-03-04 12:00:00,22.37,23.885334
2025-03-04 13:00:00,22.3624,23.870165
2025-03-04 14:00:00,21.820000190734863,23.895658
2025-03-04 15:00:00,20.825000762939453,23.946
2025-03-04 16:00:00,21.06760025024414,23.925444
2025-03-04 17:00:00,21.21999931335449,23.753803
2025-03-04 18:00:00,21.61009979248047,23.244518
2025-03-04 19:00:00,21.95499992370605,23.070068
2025-03-04 20:00:00,21.354999542236328,22.96698
2025-03-04 21:00:00,21.5499,22.828455
2025-03-04 22:00:00,21.5897,22.828339
2025-03-04 23:00:00,21.63,22.877743
2025-03-05 09:00:00,21.61,22.983107
2025-03-05 10:00:00,21.58,23.194168
2025-03-05 11:00:00,21.55,23.414278
2025-03-05 12:00:00,21.41,24.051737
2025-03-05 13:00:00,21.3,24.12339
2025-03-05 14:00:00,20.9124995803833,24.025229
2025-03-05 15:00:00,20.405000686645508,23.952412
2025-03-05 16:00:00,20.366500854492188,23.949644
2025-03-05 17:00:00,20.295000076293945,23.928139
2025-03-05 18:00:00,20.354999542236328,23.885935
2025-03-05 19:00:00,20.920000076293945,23.873596
2025-03-05 20:00:00,20.795000076293945,23.822596
2025-03-05 21:00:00,20.72,23.847275
2025-03-05 22:00:00,20.76,23.850306
2025-03-05 23:00:00,20.7099,23.886963
2025-03-06 09:00:00,20.47,23.974731
2025-03-06 10:00:00,20.55,23.944183
2025-03-06 11:00:00,20.57,23.82791
2025-03-06 12:00:00,20.57,23.30679
2025-03-06 13:00:00,20.4196,23.143986
2025-03-06 14:00:00,20.533250083923342,23.03114
2025-03-06 15:00:00,20.940000534057617,22.912588
2025-03-06 16:00:00,20.64189910888672,22.931742
2025-03-06 17:00:00,20.82719993591309,22.957146
2025-03-06 18:00:00,20.63559913635254,23.098282
2025-03-06 19:00:00,20.770000457763672,23.300144
2025-03-06 20:00:00,20.76000022888184,23.580425
2025-03-06 21:00:00,20.79,24.31127
2025-03-06 22:00:00,20.84,24.328575
2025-03-06 23:00:00,20.58,24.230738
2025-03-07 09:00:00,20.57,24.137022
2025-03-07 10:00:00,20.5,24.16599
2025-03-07 11:00:00,20.55,24.101585
2025-03-07 12:00:00,20.51,24.03907
2025-03-07 13:00:00,20.45,23.995014
2025-03-07 14:00:00,20.547499885559084,23.929207
2025-03-07 15:00:00,20.32710075378418,23.881079
2025-03-07 16:00:00,20.25979995727539,23.870918
2025-03-07 17:00:00,20.299999237060547,23.889893
2025-03-07 18:00:00,20.625,23.944479
2025-03-07 19:00:00,20.565000534057617,23.917788
2025-03-07 20:00:00,20.6299991607666,23.777746
2025-03-07 21:00:00,20.6198,23.406544
2025-03-07 22:00:00,20.6001,23.20662
2025-03-07 23:00:00,20.6199,23.07022
2025-03-10 09:00:00,20.38,22.95813
2025-03-10 10:00:00,20.39,22.911854
2025-03-10 11:00:00,20.35,22.949362
2025-03-10 12:00:00,20.28,23.078773
2025-03-10 13:00:00,20.135000228881836,23.374979
2025-03-10 14:00:00,20.114999771118164,23.689651
2025-03-10 15:00:00,20.075000762939453,24.175972
2025-03-10 16:00:00,19.959999084472656,24.304771
2025-03-10 17:00:00,19.84499931335449,24.212925
2025-03-10 18:00:00,19.8799991607666,24.137049
2025-03-10 19:00:00,19.95499992370605,24.129639
2025-03-10 20:00:00,20.07,24.075716
2025-03-10 21:00:00,19.95,24.012617
2025-03-10 22:00:00,19.8799,23.977472
2025-03-10 23:00:00,19.75,23.91816
2025-03-11 08:00:00,20.18,23.89674
2025-03-11 09:00:00,20.32,23.9046
2025-03-11 10:00:00,20.25,23.948875
2025-03-11 11:00:00,20.1,23.99437
2025-03-11 12:00:00,20.03,23.968586
2025-03-11 13:00:00,19.71730026245117,23.864075
2025-03-11 14:00:00,19.536699295043945,23.476337
2025-03-11 15:00:00,19.604999542236328,23.27025
2025-03-11 16:00:00,19.479999542236328,23.13197
2025-03-11 17:00:00,19.815000534057617,23.02383
2025-03-11 18:00:00,19.92250061035156,22.97125
2025-03-11 19:00:00,19.780000686645508,22.990566
2025-03-11 20:00:00,19.77,23.107103
2025-03-11 21:00:00,19.83,23.348337
2025-03-11 22:00:00,19.84,23.63783
2025-03-11 23:00:00,19.86,24.118422
2025-03-12 08:00:00,21.43,24.234497
2025-03-12 09:00:00,21.2,24.147629
2025-03-12 10:00:00,21.25,24.086164
2025-03-12 11:00:00,21.34,24.099949
2025-03-12 12:00:00,20.8499,24.081587
2025-03-12 13:00:00,20.67750015258789,24.069225
2025-03-12 14:00:00,20.30990028381348,24.042473
2025-03-12 15:00:00,20.63500022888184,23.992252
2025-03-12 16:00:00,20.659099578857425,23.963247
2025-03-12 17:00:00,20.6299991607666,23.949097
2025-03-12 18:00:00,20.604999542236328,24.00023
2025-03-12 19:00:00,20.674999237060547,24.055809
2025-03-12 20:00:00,23.22,24.05547
2025-03-12 21:00:00,22.95,23.938976
2025-03-12 22:00:00,22.9601,23.582708
2025-03-12 23:00:00,22.835,23.370056
2025-03-13 08:00:00,22.59,23.22918
2025-03-13 09:00:00,22.69,23.129162
2025-03-13 10:00:00,23.04,23.08194
2025-03-13 11:00:00,23.07,23.131615
2025-03-13 12:00:00,23.05,23.245173
2025-03-13 13:00:00,23.765050343322756,23.474703
2025-03-13 14:00:00,23.72249984741211,23.817259
2025-03-13 15:00:00,23.84499931335449,23.794378
2025-03-13 16:00:00,23.549999237060547,23.746147
2025-03-13 17:00:00,23.875,23.695414
2025-03-13 18:00:00,23.56999969482422,23.717632
2025-03-13 19:00:00,23.70499992370605,23.726166
2025-03-13 20:00:00,23.79,23.816086
2025-03-13 21:00:00,23.78,23.852911
2025-03-13 22:00:00,23.87,23.947832
2025-03-13 23:00:00,23.88,23.98716
2025-03-14 08:00:00,24.0,23.790924
2025-03-14 09:00:00,24.06,23.568314
2025-03-14 10:00:00,24.05,23.488453
2025-03-14 11:00:00,24.04,23.434998
2025-03-14 12:00:00,24.0,23.41495
2025-03-14 13:00:00,23.76254959106445,23.485968
2025-03-14 14:00:00,23.940000534057617,23.5537
2025-03-14 15:00:00,23.93000030517578,23.717987
2025-03-14 16:00:00,24.024999618530277,24.002392
2025-03-14 17:00:00,23.992000579833984,24.391855
2025-03-14 18:00:00,24.03499984741211,24.521793
2025-03-14 19:00:00,24.040000915527344,24.48443
2025-03-14 20:00:00,23.98,24.436447
2025-03-14 21:00:00,24.05,24.36902
2025-03-14 22:00:00,24.03,24.236782
2025-03-14 23:00:00,24.05,24.201237
2025-03-17 08:00:00,23.92,24.14177
2025-03-17 09:00:00,23.87,24.112867
2025-03-17 10:00:00,24.27,24.149021
2025-03-17 11:00:00,24.51,24.173357
2025-03-17 12:00:00,24.41,24.289806
2025-03-17 13:00:00,25.215,24.369608
2025-03-17 14:00:00,25.584400177001957,24.384876
2025-03-17 15:00:00,25.895000457763672,24.34188
2025-03-17 16:00:00,26.01000022888184,24.161236
2025-03-17 17:00:00,25.94499969482422,23.934612
2025-03-17 18:00:00,25.739999771118164,23.806866
2025-03-17 19:00:00,25.700000762939453,23.693508
2025-03-17 20:00:00,25.7401,23.680084
2025-03-17 21:00:00,25.82,23.735548
2025-03-17 22:00:00,25.8955,23.780628
2025-03-17 23:00:00,25.92,23.923855
2025-03-18 08:00:00,25.98,24.161785
2025-03-18 09:00:00,25.88,24.493538
2025-03-18 10:00:00,25.83,24.590832
2025-03-18 11:00:00,25.851,24.52909
2025-03-18 12:00:00,25.77,24.427908
2025-03-18 13:00:00,25.87749973297119,24.294779
2025-03-18 14:00:00,26.05500030517578,24.082977
2025-03-18 15:00:00,25.98710060119629,23.998999
2025-03-18 16:00:00,26.21500015258789,23.923817
2025-03-18 17:00:00,26.01000022888184,23.895012
2025-03-18 18:00:00,25.864999771118164,23.927559
2025-03-18 19:00:00,25.940000534057617,23.893583
2025-03-18 20:00:00,25.93,23.891724
2025-03-18 21:00:00,25.88,23.869997
2025-03-18 22:00:00,25.9499,23.881199
2025-03-18 23:00:00,25.9398,23.844442
2025-03-19 08:00:00,25.71,23.65058
2025-03-19 09:00:00,25.65,23.4849
2025-03-19 10:00:00,25.06,23.420816
2025-03-19 11:00:00,25.32,23.356667
2025-03-19 12:00:00,25.245,23.37641
2025-03-19 13:00:00,24.652499732971194,23.405697
2025-03-19 14:00:00,24.325000762939453,23.628536
2025-03-19 15:00:00,24.5049991607666,23.739662
2025-03-19 16:00:00,24.09499931335449,23.920567
2025-03-19 17:00:00,24.184999465942383,24.150541
2025-03-19 18:00:00,24.20499992370605,24.240383
2025-03-19 19:00:00,24.1200008392334,24.20848
2025-03-19 20:00:00,24.15,24.137335
2025-03-19 21:00:00,24.18,24.009968
2025-03-19 22:00:00,24.2,23.844587
2025-03-19 23:00:00,24.1798,23.74291
2025-03-20 08:00:00,24.3,23.653305
2025-03-20 09:00:00,24.24,23.587267
2025-03-20 10:00:00,23.9,23.608658
2025-03-20 11:00:00,23.81,23.648811
2025-03-20 12:00:00,23.8794,23.689562
2025-03-20 13:00:00,23.93090034484863,23.741451
2025-03-20 14:00:00,24.020000457763672,23.744072
2025-03-20 15:00:00,23.88500022888184,23.643326
2025-03-20 16:00:00,23.88349914550781,23.45241
2025-03-20 17:00:00,23.774999618530277,23.232737
2025-03-20 18:00:00,23.84000015258789,23.056013
2025-03-20 19:00:00,23.950000762939453,22.928066
2025-03-20 20:00:00,23.95,22.856182
2025-03-20 21:00:00,23.9697,22.906487
2025-03-20 22:00:00,23.95,22.94629
2025-03-20 23:00:00,23.86,23.076614
2025-03-21 08:00:00,23.8,23.267124
2025-03-21 09:00:00,23.7,23.496887
2025-03-21 10:00:00,23.8,23.57251
2025-03-21 11:00:00,23.761,23.514414
2025-03-21 12:00:00,23.7799,23.388649
2025-03-21 13:00:00,23.869950218200685,23.172455
2025-03-21 14:00:00,23.95499992370605,22.942535
2025-03-21 15:00:00,24.37989997863769,22.80163
2025-03-21 16:00:00,24.565000534057617,22.698355
2025-03-21 17:00:00,24.4950008392334,22.603624
2025-03-21 18:00:00,24.46999931335449,22.597061
2025-03-21 19:00:00,24.25,22.63857
2025-03-21 20:00:00,24.455,22.683357
2025-03-21 21:00:00,24.39,22.738724
2025-03-21 22:00:00,24.35,22.737055
2025-03-21 23:00:00,24.35,22.683989
2025-03-24 08:00:00,24.6,22.56017
2025-03-24 09:00:00,24.58,22.38763
2025-03-24 10:00:00,24.56,22.266846
2025-03-24 11:00:00,24.52,22.177826
2025-03-24 12:00:00,24.59,22.130655
2025-03-24 13:00:00,24.60269962310791,22.18956
2025-03-24 14:00:00,24.415000915527344,22.228159
2025-03-24 15:00:00,24.274999618530277,22.380205
2025-03-24 16:00:00,24.20499992370605,22.590511
2025-03-24 17:00:00,24.174999237060547,22.843472
2025-03-24 18:00:00,24.23500061035156,22.921965
2025-03-24 19:00:00,24.19109916687012,22.856073
2025-03-24 20:00:00,24.1703,22.75486
2025-03-24 21:00:00,24.19,22.610437
2025-03-24 22:00:00,24.16,22.417532
2025-03-24 23:00:00,24.1701,22.303925
2025-03-25 08:00:00,23.99,22.24169
2025-03-25 09:00:00,24.05,22.164589
2025-03-25 10:00:00,24.17,22.210438
2025-03-25 11:00:00,24.16,22.32547
2025-03-25 12:00:00,24.2099,22.423876
2025-03-25 13:00:00,24.307499961853026,22.502628
2025-03-25 14:00:00,24.23500061035156,24.288567
2025-03-25 15:00:00,24.155000686645508,24.260168
2025-03-25 16:00:00,24.15999984741211,24.2285
2025-03-25 17:00:00,24.125,24.239908
2025-03-25 18:00:00,24.197999954223636,24.278648
2025-03-25 19:00:00,24.200000762939453,24.292536
2025-03-25 20:00:00,24.22,24.329851
2025-03-25 21:00:00,24.23,24.347073
2025-03-25 22:00:00,24.21,24.414124
2025-03-25 23:00:00,24.2101,24.428425
2025-03-26 08:00:00,24.21,24.26431
2025-03-26 09:00:00,24.24,24.137466
2025-03-26 10:00:00,24.23,24.047901
2025-03-26 11:00:00,24.29,23.956076
2025-03-26 12:00:00,24.29,23.920673
2025-03-26 13:00:00,23.880000343322756,23.958914
2025-03-26 14:00:00,23.325000762939453,23.971949
2025-03-26 15:00:00,23.440000534057617,24.112656
2025-03-26 16:00:00,23.405000686645508,24.319317
2025-03-26 17:00:00,23.34309959411621,24.411543
2025-03-26 18:00:00,23.38999938964844,24.415287
2025-03-26 19:00:00,23.44499969482422,24.384335
2025-03-26 20:00:00,23.4,24.393795
2025-03-26 21:00:00,23.37,24.336624
2025-03-26 22:00:00,23.38,24.25295
2025-03-26 23:00:00,23.3098,24.23529
2025-03-27 08:00:00,23.36,24.227222
2025-03-27 09:00:00,23.42,24.235025
2025-03-27 10:00:00,23.38,24.279573
2025-03-27 11:00:00,23.25,24.301775
2025-03-27 12:00:00,23.34,24.353703
2025-03-27 13:00:00,23.14720001220703,24.402935
2025-03-27 14:00:00,22.98290061950684,24.490557
2025-03-27 15:00:00,23.045000076293945,24.487997
2025-03-27 16:00:00,23.225000381469727,24.288881
2025-03-27 17:00:00,23.53499984741211,24.133377
2025-03-27 18:00:00,23.739999771118164,24.030283
2025-03-27 19:00:00,23.6299991607666,23.9145
2025-03-27 20:00:00,23.57,23.86661
2025-03-27 21:00:00,23.59,23.90492
2025-03-27 22:00:00,23.5888,23.945005
2025-03-27 23:00:00,23.55,24.091614
2025-03-28 08:00:00,23.45,24.28321
2025-03-28 09:00:00,23.54,24.387785
2025-03-28 10:00:00,23.55,24.418457
2025-03-28 11:00:00,23.47,24.398123
2025-03-28 12:00:00,23.43,24.387415
2025-03-28 13:00:00,23.037499961853026,24.332829
2025-03-28 14:00:00,22.87989997863769,24.245459
2025-03-28 15:00:00,22.750999450683597,24.228281
2025-03-28 16:00:00,22.674999237060547,24.208153
2025-03-28 17:00:00,22.665000915527344,24.197884
2025-03-28 18:00:00,22.774999618530277,24.225914
2025-03-28 19:00:00,22.71999931335449,24.204714
2025-03-28 20:00:00,22.6,24.198063
2025-03-28 21:00:00,22.67,24.190577
2025-03-28 22:00:00,22.6206,24.24867
2025-03-28 23:00:00,22.61,24.254278
2025-03-31 08:00:00,22.44,24.054749
2025-03-31 09:00:00,22.39,23.923807
2025-03-31 10:00:00,22.36,23.874636
2025-03-31 11:00:00,22.21,23.809057
2025-03-31 12:00:00,22.1,23.763758
2025-03-31 13:00:00,22.33249969482422,23.798155
2025-03-31 14:00:00,22.280000686645508,23.811668
2025-03-31 15:00:00,22.26099967956543,23.92727
2025-03-31 16:00:00,22.38559913635254,24.11639
2025-03-31 17:00:00,22.51499938964844,24.213072
2025-03-31 18:00:00,22.575000762939453,24.226362
2025-03-31 19:00:00,22.709999084472656,24.204905
2025-03-31 20:00:00,22.66,24.206572
2025-03-31 21:00:00,22.51,24.183619
2025-03-31 22:00:00,22.58,24.107157
2025-03-31 23:00:00,22.51,24.092752
2025-04-01 08:00:00,22.64,24.1093
2025-04-01 09:00:00,22.67,24.103563
2025-04-01 10:00:00,22.49,24.157883
2025-04-01 11:00:00,22.32,24.185846
2025-04-01 12:00:00,22.42,24.225967
2025-04-01 13:00:00,22.229999923706053,24.26492
2025-04-01 14:00:00,22.2450008392334,24.302795
2025-04-01 15:00:00,22.032100677490234,24.248396
2025-04-01 16:00:00,22.00349998474121,24.086021
2025-04-01 17:00:00,21.790000915527344,23.910385
2025-04-01 18:00:00,21.77669906616211,23.80748
2025-04-01 19:00:00,22.05500030517578,23.72282
2025-04-01 20:00:00,22.045,23.691418
2025-04-01 21:00:00,22.0503,23.72161
2025-04-01 22:00:00,22.08,23.786549
2025-04-01 23:00:00,22.0504,23.926655
2025-04-02 08:00:00,21.96,24.140985
2025-04-02 09:00:00,21.95,24.251825
2025-04-02 10:00:00,21.89,24.27905
2025-04-02 11:00:00,21.89,24.263845
2025-04-02 12:00:00,21.72,24.264557
2025-04-02 13:00:00,21.897499618530276,24.231604
2025-04-02 14:00:00,21.989999771118164,24.15125
2025-04-02 15:00:00,22.020000457763672,24.126213
2025-04-02 16:00:00,22.229999542236328,24.127607
2025-04-02 17:00:00,21.825000762939453,24.115986
2025-04-02 18:00:00,21.90999984741211,24.161825
2025-04-02 19:00:00,21.975000381469727,24.175085
2025-04-02 20:00:00,21.4699,24.193838
2025-04-02 21:00:00,21.3695,24.214846
2025-04-02 22:00:00,21.2198,24.253735
2025-04-02 23:00:00,21.05,24.201048
2025-04-03 08:00:00,21.48,24.052217
2025-04-03 09:00:00,21.7,23.902584
2025-04-03 10:00:00,21.45,23.815609
2025-04-03 11:00:00,21.31,23.734821
2025-04-03 12:00:00,21.39,23.6981
2025-04-03 13:00:00,21.800050086975098,23.73094
2025-04-03 14:00:00,21.260299682617188,23.797653
2025-04-03 15:00:00,21.40749931335449,23.943151
2025-04-03 16:00:00,21.26499938964844,24.157776
2025-04-03 17:00:00,20.94499969482422,24.262432
2025-04-03 18:00:00,22.489999771118164,24.28333
2025-04-03 19:00:00,22.5,24.260853
2025-04-03 20:00:00,22.4,24.26404
2025-04-03 21:00:00,22.5397,24.234589
2025-04-03 22:00:00,22.58,24.158306
2025-04-03 23:00:00,22.74,24.13288
2025-04-04 08:00:00,22.73,24.136427
2025-04-04 09:00:00,22.46,24.131638
2025-04-04 10:00:00,21.09,24.174942
2025-04-04 11:00:00,20.94,24.202251
2025-04-04 12:00:00,21.37,24.242508
2025-04-04 13:00:00,21.109999885559084,24.291498
2025-04-04 14:00:00,20.670000076293945,21.072239
2025-04-04 15:00:00,20.250099182128903,20.99483
2025-04-04 16:00:00,20.01499938964844,20.948437
2025-04-04 17:00:00,19.82010078430176,20.95962
2025-04-04 18:00:00,20.09499931335449,21.042719
2025-04-04 19:00:00,19.86000061035156,21.089493
2025-04-04 20:00:00,19.78,21.115309
2025-04-04 21:00:00,19.815,21.119455
2025-04-04 22:00:00,19.81,21.055069
2025-04-04 23:00:00,19.77,21.070929
2025-04-07 08:00:00,18.9,21.145992
2025-04-07 09:00:00,18.72,21.131145
2025-04-07 10:00:00,19.33,21.087368
2025-04-07 11:00:00,19.33,21.043644
2025-04-07 12:00:00,19.28,21.024857
2025-04-07 13:00:00,19.2225004196167,21.04661
2025-04-07 14:00:00,19.040000915527344,21.04872
2025-04-07 15:00:00,19.270000457763672,21.110067
2025-04-07 16:00:00,19.51469993591309,21.12141
2025-04-07 17:00:00,19.549999237060547,21.100172
2025-04-07 18:00:00,19.38500022888184,21.059206
2025-04-07 19:00:00,19.559999465942383,21.032974
2025-04-07 20:00:00,19.64,21.015089
2025-04-07 21:00:00,19.69,21.009853
2025-04-07 22:00:00,19.7499,20.955183
2025-04-07 23:00:00,19.7695,20.931953
2025-04-08 08:00:00,19.77,20.917562
2025-04-08 09:00:00,19.79,20.908514
2025-04-08 10:00:00,19.79,20.959875
2025-04-08 11:00:00,19.9,21.001865
2025-04-08 12:00:00,20.1,21.030968
2025-04-08 13:00:00,20.13749969482422,21.031565
2025-04-08 14:00:00,19.51000022888184,20.993908
2025-04-08 15:00:00,19.5,20.99682
2025-04-08 16:00:00,18.7450008392334,21.037727
2025-04-08 17:00:00,18.66990089416504,21.019518
2025-04-08 18:00:00,18.03499984741211,20.999512
2025-04-08 19:00:00,18.149999618530277,20.961763
2025-04-08 20:00:00,18.25,20.916887
2025-04-08 21:00:00,18.27,20.967361
2025-04-08 22:00:00,17.9899,21.01193
2025-04-08 23:00:00,17.83,21.109592
2025-04-09 08:00:00,18.3,21.137735
2025-04-09 09:00:00,18.45,21.120985
2025-04-09 10:00:00,18.22,21.107716
2025-04-09 11:00:00,18.03,21.096046
2025-04-09 12:00:00,17.8,21.085556
2025-04-09 13:00:00,18.372500343322756,21.07031
2025-04-09 14:00:00,18.934999465942383,21.003231
2025-04-09 15:00:00,19.165000915527344,20.968086
2025-04-09 16:00:00,20.30010032653809,20.93989
2025-04-09 17:00:00,21.34499931335449,20.9232
2025-04-09 18:00:00,21.15290069580078,20.98115
2025-04-09 19:00:00,21.489999771118164,21.040531
2025-04-09 20:00:00,21.47,21.050993
2025-04-09 21:00:00,21.2301,21.037462
2025-04-09 22:00:00,21.28,20.98767
2025-04-09 23:00:00,21.2499,20.994871
2025-04-10 08:00:00,20.9,21.049341
2025-04-10 09:00:00,20.7,21.010996
2025-04-10 10:00:00,20.73,20.9707
2025-04-10 11:00:00,20.65,20.946344
2025-04-10 12:00:00,20.635,20.92606
2025-04-10 13:00:00,20.489999618530273,20.95066
2025-04-10 14:00:00,20.0,20.876495
2025-04-10 15:00:00,19.26849937438965,20.946493
2025-04-10 16:00:00,19.434999465942383,20.969728
2025-04-10 17:00:00,19.890100479125977,20.969593
2025-04-10 18:00:00,19.600000381469727,20.96223
2025-04-10 19:00:00,19.875,20.959274
2025-04-10 20:00:00,19.94,20.955864
2025-04-10 21:00:00,19.81,20.945549
2025-04-10 22:00:00,19.9,20.891514
2025-04-10 23:00:00,19.72,20.888283
2025-04-11 08:00:00,19.7,20.883987
2025-04-11 09:00:00,19.8,20.880604
2025-04-11 10:00:00,19.95,20.924282
2025-04-11 11:00:00,19.83,20.943377
2025-04-11 12:00:00,19.73,20.954144
2025-04-11 13:00:00,18.897500038146973,20.967987
2025-04-11 14:00:00,18.7450008392334,20.943043
2025-04-11 15:00:00,19.0,20.944551
2025-04-11 16:00:00,19.05500030517578,20.931273
2025-04-11 17:00:00,19.21649932861328,20.903824
2025-04-11 18:00:00,19.4867000579834,20.858183
2025-04-11 19:00:00,19.7234001159668,20.84675
2025-04-11 20:00:00,19.69,20.835999
2025-04-11 21:00:00,19.64,20.857294
2025-04-11 22:00:00,19.6,20.881985
2025-04-11 23:00:00,19.64,20.969923
2025-04-14 08:00:00,20.18,21.005863
2025-04-14 09:00:00,20.05,21.009966
2025-04-14 10:00:00,20.63,20.99591
2025-04-14 11:00:00,20.4,20.966768
2025-04-14 12:00:00,20.3799,20.963398
2025-04-14 13:00:00,20.762499618530274,20.96615
2025-04-14 14:00:00,20.274999618530277,20.900522
2025-04-14 15:00:00,20.1481990814209,20.885775
2025-04-14 16:00:00,20.30500030517578,20.87849
2025-04-14 17:00:00,20.46500015258789,20.886179
2025-04-14 18:00:00,20.55190086364746,20.934223
2025-04-14 19:00:00,20.309999465942383,20.96531
2025-04-14 20:00:00,20.2197,20.971104
2025-04-14 21:00:00,20.25,20.975769
2025-04-14 22:00:00,20.2,20.961115
2025-04-14 23:00:00,20.08,20.976608
2025-04-15 08:00:00,20.4,20.973593
2025-04-15 09:00:00,20.4,20.944225
2025-04-15 10:00:00,20.39,20.898273
2025-04-15 11:00:00,20.25,20.868422
2025-04-15 12:00:00,20.16,20.889118
2025-04-15 13:00:00,20.16735,20.940193
2025-04-15 14:00:00,20.145000457763672,20.965202
2025-04-15 15:00:00,20.184999465942383,21.062534
2025-04-15 16:00:00,19.979999542236328,21.101852
2025-04-15 17:00:00,19.905000686645508,21.112988
2025-04-15 18:00:00,19.875,21.097708
2025-04-15 19:00:00,19.83009910583496,21.07585
2025-04-15 20:00:00,19.87,21.06235
2025-04-15 21:00:00,19.6501,21.04153
2025-04-15 22:00:00,19.5807,20.993448
2025-04-15 23:00:00,19.4507,20.98256
2025-04-16 08:00:00,19.35,20.989489
2025-04-16 09:00:00,19.35,21.015741
2025-04-16 10:00:00,19.32,21.085392
2025-04-16 11:00:00,19.339,21.149162
2025-04-16 12:00:00,19.33,21.204851
2025-04-16 13:00:00,19.31500011444092,21.241488
